index,score,text
1074,0.7924850185176522,bluz omz açık özel tasarı bluz örm kumaş yapısıyl düğmel model günlük kullanı uygun nefes alabilir kumaş kolay ütülenir sezonun trend renkleriyl komb yapabilirsiniz öne çıkan özellik düğmel model günlük kullanı uygun nefes alabilir kumaş kolay ütülenir yeşil bluz
503,0.7859067225219112,bluz omz açık bluz model polyester kumaştan üretil olup günlük kullanı uygun düğmel model nefes alabilir kumaş sad etkileyi bir görünü sunar öne çıkan özellik günlük kullanı uygun düğmel model nefes alabilir kumaş lacivert bluz
1951,0.773290696370365,bluz omz açık özel tasarı bluz likral kumaş yapısıyl yumuşak dok nefes alabilir kumaş günlük kullanı uygun şık tasarı şık konfor bir ara öne çıkan özellik yumuşak dok nefes alabilir kumaş günlük kullanı uygun şık tasarı siyah bluz
765,0.7610010935246186,bluz omz açık likral kumaş tercih edilerek üretilen bluz nefes alabilir kumaş esnek yap günlük kullanı uygun kolay ütülenir sezonun trend renkleriyl komb yapabilirsiniz öne çıkan özellik nefes alabilir kumaş esnek yap günlük kullanı uygun kolay ütülenir bej bluz
408,0.7548913609887304,bluz omz açık gardıropt olmas gere bluz viskon içeriğiyl günlük kullanı uygun düğmel model nefes alabilir kumaş sad etkileyi bir görünü sunar öne çıkan özellik günlük kullanı uygun düğmel model nefes alabilir kumaş mav bluz
