index,score,text
410,1.0,bluz omzu açık gardıropt olması gereken bluz 100 pamuk içeriğiyl nefes alabilir kumaş yumuşak doku ofisten sokağ ortam uyum sağ ön çıkan özellik nefes alabilir kumaş yumuşak doku siyah bluz
3407,1.0,bluz omzu açık yeni sezo favori parçaların biri olan bluz örm kumaş kumaşı sayesin kolay ütülenir nefes alabilir kumaş düğmeli model esnek yapı şıklık konfor ara ön çıkan özellik kolay ütülenir nefes alabilir kumaş düğmeli model esnek yapı siyah bluz
1103,1.0,bluz omzu açık bluz modeli kot kumaş kumaştan üretilmiş olup yumuşak doku çift cepli kolay ütülenir esnek yapı gardırobunuz vazgeçilmezi olma aday ön çıkan özellik yumuşak doku çift cepli kolay ütülenir esnek yapı siyah bluz
3342,1.0,bluz omzu açık gardıropt olması gereken bluz saten içeriğiyl günlük kullanım uyg yumuşak doku çift cepli düğmeli model gardırobunuz vazgeçilmezi olma aday ön çıkan özellik günlük kullanım uyg yumuşak doku çift cepli düğmeli model siyah bluz
1951,1.0,bluz omzu açık özel tasarım bluz likralı kumaş yapısıyl yumuşak doku nefes alabilir kumaş günlük kullanım uyg şık tasarım şıklık konfor ara ön çıkan özellik yumuşak doku nefes alabilir kumaş günlük kullanım uyg şık tasarım siyah bluz
