index,score,text
1951,0.9999999999999998,bluz omzu açık özel tasarım bluz likralı kumaş yapısıyl yumuşak doku nefes alabilir kumaş günlük kullanım uyg şık tasarım şıklık konfor ara ön çıkan özellik yumuşak doku nefes alabilir kumaş günlük kullanım uyg şık tasarım siyah bluz
1668,0.9999999999999998,bluz omzu açık gardıropt olması gereken bluz likralı kumaş içeriğiyl esnek yapı yumuşak doku gardırobunuz vazgeçilmezi olma aday ön çıkan özellik esnek yapı yumuşak doku siyah bluz
1103,0.9999999999999998,bluz omzu açık bluz modeli kot kumaş kumaştan üretilmiş olup yumuşak doku çift cepli kolay ütülenir esnek yapı gardırobunuz vazgeçilmezi olma aday ön çıkan özellik yumuşak doku çift cepli kolay ütülenir esnek yapı siyah bluz
2926,0.9999999999999998,bluz omzu açık deri görünümlü tercih edilerek üretilen bluz günlük kullanım uyg şık tasarım kolay ütülenir ofisten sokağ ortam uyum sağ ön çıkan özellik günlük kullanım uyg şık tasarım kolay ütülenir siyah bluz
3407,0.9999999999999998,bluz omzu açık yeni sezo favori parçaların biri olan bluz örm kumaş kumaşı sayesin kolay ütülenir nefes alabilir kumaş düğmeli model esnek yapı şıklık konfor ara ön çıkan özellik kolay ütülenir nefes alabilir kumaş düğmeli model esnek yapı siyah bluz
