index,score,text
3342,0.9999999999999999,bluz omzu açık gardıropt olması gereken bluz saten içeriğiyl günlük kullanım uyg yumuşak doku çift cepli düğmeli model gardırobunuz vazgeçilmezi olma aday ön çıkan özellik günlük kullanım uyg yumuşak doku çift cepli düğmeli model siyah bluz
1951,0.9999999999999999,bluz omzu açık özel tasarım bluz likralı kumaş yapısıyl yumuşak doku nefes alabilir kumaş günlük kullanım uyg şık tasarım şıklık konfor ara ön çıkan özellik yumuşak doku nefes alabilir kumaş günlük kullanım uyg şık tasarım siyah bluz
3127,0.9999999999999999,bluz omzu açık polyester tercih edilerek üretilen bluz nefes alabilir kumaş şık tasarım düğmeli model çift cepli gardırobunuz vazgeçilmezi olma aday ön çıkan özellik nefes alabilir kumaş şık tasarım düğmeli model çift cepli siyah bluz
2926,0.9999999999999999,bluz omzu açık deri görünümlü tercih edilerek üretilen bluz günlük kullanım uyg şık tasarım kolay ütülenir ofisten sokağ ortam uyum sağ ön çıkan özellik günlük kullanım uyg şık tasarım kolay ütülenir siyah bluz
410,0.9999999999999999,bluz omzu açık gardıropt olması gereken bluz 100 pamuk içeriğiyl nefes alabilir kumaş yumuşak doku ofisten sokağ ortam uyum sağ ön çıkan özellik nefes alabilir kumaş yumuşak doku siyah bluz
