index,score,text
1951,0.9999999999999998,bluz omzu açık özel tasarım bluz likralı kumaş yapısıyl yumuşak doku nefes alabilir kumaş günlük kullanım uyg şık tasarım şıklık konfor ara ön çıkan özellik yumuşak doku nefes alabilir kumaş günlük kullanım uyg şık tasarım siyah bluz
2666,0.9999999999999998,bluz omzu açık gardıropt olması gereken bluz deri görünümlü içeriğiyl günlük kullanım uyg kolay ütülenir düğmeli model şık tasarım sezo trend renkleriyl komb yapabilirsiniz ön çıkan özellik günlük kullanım uyg kolay ütülenir düğmeli model şık tasarım siyah bluz
3407,0.9999999999999998,bluz omzu açık yeni sezo favori parçaların biri olan bluz örm kumaş kumaşı sayesin kolay ütülenir nefes alabilir kumaş düğmeli model esnek yapı şıklık konfor ara ön çıkan özellik kolay ütülenir nefes alabilir kumaş düğmeli model esnek yapı siyah bluz
515,0.9999999999999998,bluz omzu açık bluz modeli saten kumaştan üretilmiş olup şık tasarım esnek yapı nefes alabilir kumaş düğmeli model şıklık konfor ara ön çıkan özellik şık tasarım esnek yapı nefes alabilir kumaş düğmeli model siyah bluz
3127,0.9999999999999998,bluz omzu açık polyester tercih edilerek üretilen bluz nefes alabilir kumaş şık tasarım düğmeli model çift cepli gardırobunuz vazgeçilmezi olma aday ön çıkan özellik nefes alabilir kumaş şık tasarım düğmeli model çift cepli siyah bluz
