index,score,text
3407,1.0,bluz omzu açık yeni sezo favori parçaların biri olan bluz örm kumaş kumaşı sayesin kolay ütülenir nefes alabilir kumaş düğmeli model esnek yapı şıklık konfor ara ön çıkan özellik kolay ütülenir nefes alabilir kumaş düğmeli model esnek yapı siyah bluz
410,1.0,bluz omzu açık gardıropt olması gereken bluz 100 pamuk içeriğiyl nefes alabilir kumaş yumuşak doku ofisten sokağ ortam uyum sağ ön çıkan özellik nefes alabilir kumaş yumuşak doku siyah bluz
3127,1.0,bluz omzu açık polyester tercih edilerek üretilen bluz nefes alabilir kumaş şık tasarım düğmeli model çift cepli gardırobunuz vazgeçilmezi olma aday ön çıkan özellik nefes alabilir kumaş şık tasarım düğmeli model çift cepli siyah bluz
1103,1.0,bluz omzu açık bluz modeli kot kumaş kumaştan üretilmiş olup yumuşak doku çift cepli kolay ütülenir esnek yapı gardırobunuz vazgeçilmezi olma aday ön çıkan özellik yumuşak doku çift cepli kolay ütülenir esnek yapı siyah bluz
515,1.0,bluz omzu açık bluz modeli saten kumaştan üretilmiş olup şık tasarım esnek yapı nefes alabilir kumaş düğmeli model şıklık konfor ara ön çıkan özellik şık tasarım esnek yapı nefes alabilir kumaş düğmeli model siyah bluz
