index,score,text
1951,1.0000000000000002,bluz omz açık özel tasarı bluz likral kumaş yapısıyl yumuşak dok nefes alabilir kumaş günlük kullanı uygun şık tasarı şık konfor bir ara öne çıkan özellik yumuşak dok nefes alabilir kumaş günlük kullanı uygun şık tasarı siyah bluz
2926,1.0000000000000002,bluz omz açık der görünüml tercih edilerek üretilen bluz günlük kullanı uygun şık tasarı kolay ütülenir ofisten sokağ ortam uyu sağ öne çıkan özellik günlük kullanı uygun şık tasarı kolay ütülenir siyah bluz
3407,1.0000000000000002,bluz omz açık yen sezonun favor parçalarından olan bluz örm kumaş kumaş sayesin kolay ütülenir nefes alabilir kumaş düğmel model esnek yap şık konfor bir ara öne çıkan özellik kolay ütülenir nefes alabilir kumaş düğmel model esnek yap siyah bluz
3342,1.0000000000000002,bluz omz açık gardıropt olmas gere bluz saten içeriğiyl günlük kullanı uygun yumuşak dok çift cepl düğmel model gardırobunuzun vazgeçilmez olmay aday öne çıkan özellik günlük kullanı uygun yumuşak dok çift cepl düğmel model siyah bluz
410,1.0000000000000002,bluz omz açık gardıropt olmas gere bluz 100 pamuk içeriğiyl nefes alabilir kumaş yumuşak dok ofisten sokağ ortam uyu sağ öne çıkan özellik nefes alabilir kumaş yumuşak dok siyah bluz
