index,score,text
2666,1.0,bluz omz açık gardıropt olmas gere bluz der görünüml içeriğiyl günlük kullanı uygun kolay ütülenir düğmel model şık tasarı sezonun trend renkleriyl komb yapabilirsiniz öne çıkan özellik günlük kullanı uygun kolay ütülenir düğmel model şık tasarı siyah bluz
1668,1.0,bluz omz açık gardıropt olmas gere bluz likral kumaş içeriğiyl esnek yap yumuşak dok gardırobunuzun vazgeçilmez olmay aday öne çıkan özellik esnek yap yumuşak dok siyah bluz
3342,1.0,bluz omz açık gardıropt olmas gere bluz saten içeriğiyl günlük kullanı uygun yumuşak dok çift cepl düğmel model gardırobunuzun vazgeçilmez olmay aday öne çıkan özellik günlük kullanı uygun yumuşak dok çift cepl düğmel model siyah bluz
1103,1.0,bluz omz açık bluz model kot kumaş kumaştan üretil olup yumuşak dok çift cepl kolay ütülenir esnek yap gardırobunuzun vazgeçilmez olmay aday öne çıkan özellik yumuşak dok çift cepl kolay ütülenir esnek yap siyah bluz
410,1.0,bluz omz açık gardıropt olmas gere bluz 100 pamuk içeriğiyl nefes alabilir kumaş yumuşak dok ofisten sokağ ortam uyu sağ öne çıkan özellik nefes alabilir kumaş yumuşak dok siyah bluz
