index,score,text
3407,1.0000000000000002,bluz omz açık yen sezonun favor parçalarından olan bluz örm kumaş kumaş sayesin kolay ütülenir nefes alabilir kumaş düğmel model esnek yap şık konfor bir ara öne çıkan özellik kolay ütülenir nefes alabilir kumaş düğmel model esnek yap siyah bluz
1951,1.0000000000000002,bluz omz açık özel tasarı bluz likral kumaş yapısıyl yumuşak dok nefes alabilir kumaş günlük kullanı uygun şık tasarı şık konfor bir ara öne çıkan özellik yumuşak dok nefes alabilir kumaş günlük kullanı uygun şık tasarı siyah bluz
2666,1.0000000000000002,bluz omz açık gardıropt olmas gere bluz der görünüml içeriğiyl günlük kullanı uygun kolay ütülenir düğmel model şık tasarı sezonun trend renkleriyl komb yapabilirsiniz öne çıkan özellik günlük kullanı uygun kolay ütülenir düğmel model şık tasarı siyah bluz
3127,1.0000000000000002,bluz omz açık polyester tercih edilerek üretilen bluz nefes alabilir kumaş şık tasarı düğmel model çift cepl gardırobunuzun vazgeçilmez olmay aday öne çıkan özellik nefes alabilir kumaş şık tasarı düğmel model çift cepl siyah bluz
2926,1.0000000000000002,bluz omz açık der görünüml tercih edilerek üretilen bluz günlük kullanı uygun şık tasarı kolay ütülenir ofisten sokağ ortam uyu sağ öne çıkan özellik günlük kullanı uygun şık tasarı kolay ütülenir siyah bluz
