index,score,text
3127,0.9999999999999999,bluz omz açık polyester tercih edilerek üretilen bluz nefes alabilir kumaş şık tasarı düğmel model çift cepl gardırobunuzun vazgeçilmez olmay aday öne çıkan özellik nefes alabilir kumaş şık tasarı düğmel model çift cepl siyah bluz
515,0.9999999999999999,bluz omz açık bluz model saten kumaştan üretil olup şık tasarı esnek yap nefes alabilir kumaş düğmel model şık konfor bir ara öne çıkan özellik şık tasarı esnek yap nefes alabilir kumaş düğmel model siyah bluz
3342,0.9999999999999999,bluz omz açık gardıropt olmas gere bluz saten içeriğiyl günlük kullanı uygun yumuşak dok çift cepl düğmel model gardırobunuzun vazgeçilmez olmay aday öne çıkan özellik günlük kullanı uygun yumuşak dok çift cepl düğmel model siyah bluz
1951,0.9999999999999999,bluz omz açık özel tasarı bluz likral kumaş yapısıyl yumuşak dok nefes alabilir kumaş günlük kullanı uygun şık tasarı şık konfor bir ara öne çıkan özellik yumuşak dok nefes alabilir kumaş günlük kullanı uygun şık tasarı siyah bluz
2666,0.9999999999999999,bluz omz açık gardıropt olmas gere bluz der görünüml içeriğiyl günlük kullanı uygun kolay ütülenir düğmel model şık tasarı sezonun trend renkleriyl komb yapabilirsiniz öne çıkan özellik günlük kullanı uygun kolay ütülenir düğmel model şık tasarı siyah bluz
