index,score,text
3342,0.9999999999999999,bluz omz açık gardıropt olmas gere bluz saten içeriğiyl günlük kullanı uygun yumuşak dok çift cepl düğmel model gardırobunuzun vazgeçilmez olmay aday öne çıkan özellik günlük kullanı uygun yumuşak dok çift cepl düğmel model siyah bluz
1951,0.9999999999999999,bluz omz açık özel tasarı bluz likral kumaş yapısıyl yumuşak dok nefes alabilir kumaş günlük kullanı uygun şık tasarı şık konfor bir ara öne çıkan özellik yumuşak dok nefes alabilir kumaş günlük kullanı uygun şık tasarı siyah bluz
410,0.9999999999999999,bluz omz açık gardıropt olmas gere bluz 100 pamuk içeriğiyl nefes alabilir kumaş yumuşak dok ofisten sokağ ortam uyu sağ öne çıkan özellik nefes alabilir kumaş yumuşak dok siyah bluz
1668,0.9999999999999999,bluz omz açık gardıropt olmas gere bluz likral kumaş içeriğiyl esnek yap yumuşak dok gardırobunuzun vazgeçilmez olmay aday öne çıkan özellik esnek yap yumuşak dok siyah bluz
515,0.9999999999999999,bluz omz açık bluz model saten kumaştan üretil olup şık tasarı esnek yap nefes alabilir kumaş düğmel model şık konfor bir ara öne çıkan özellik şık tasarı esnek yap nefes alabilir kumaş düğmel model siyah bluz
