index,score,text
3407,1.0,bluz omz açık yen sezonun favor parçalarından olan bluz örm kumaş kumaş sayesin kolay ütülenir nefes alabilir kumaş düğmel model esnek yap şık konfor bir ara öne çıkan özellik kolay ütülenir nefes alabilir kumaş düğmel model esnek yap siyah bluz
2926,1.0,bluz omz açık der görünüml tercih edilerek üretilen bluz günlük kullanı uygun şık tasarı kolay ütülenir ofisten sokağ ortam uyu sağ öne çıkan özellik günlük kullanı uygun şık tasarı kolay ütülenir siyah bluz
3127,1.0,bluz omz açık polyester tercih edilerek üretilen bluz nefes alabilir kumaş şık tasarı düğmel model çift cepl gardırobunuzun vazgeçilmez olmay aday öne çıkan özellik nefes alabilir kumaş şık tasarı düğmel model çift cepl siyah bluz
515,1.0,bluz omz açık bluz model saten kumaştan üretil olup şık tasarı esnek yap nefes alabilir kumaş düğmel model şık konfor bir ara öne çıkan özellik şık tasarı esnek yap nefes alabilir kumaş düğmel model siyah bluz
1668,1.0,bluz omz açık gardıropt olmas gere bluz likral kumaş içeriğiyl esnek yap yumuşak dok gardırobunuzun vazgeçilmez olmay aday öne çıkan özellik esnek yap yumuşak dok siyah bluz
